Country Name,Total Occurences,id,log_count
Afghanistan,376.0,Afghanistan,2.575187844927661
Angola,5.0,Angola,0.6989700043360189
Albania,42.0,Albania,1.6232492903979006
United Arab Emirates,25.0,United Arab Emirates,1.3979400086720377
Argentina,204.0,Argentina,2.3096301674258988
Armenia,183.0,Armenia,2.2624510897304293
French Southern Territories,,French Southern Territories,
Australia,722.0,Australia,2.858537197569639
Austria,83.0,Austria,1.919078092376074
Azerbaijan,227.0,Azerbaijan,2.3560258571931225
Burundi,3.0,Burundi,0.47712125471966244
Belgium,94.0,Belgium,1.9731278535996986
Benin,23.0,Benin,1.3617278360175928
Burkina Faso,92.0,Burkina Faso,1.9637878273455553
Bangladesh,157.0,Bangladesh,2.1958996524092336
Bulgaria,169.0,Bulgaria,2.2278867046136734
Bahamas,37.0,Bahamas,1.568201724066995
Bosnia and Herzegovina,58.0,Bosnia and Herzegovina,1.7634279935629373
Belarus,954.0,Belarus,2.979548374704095
Belize,9.0,Belize,0.9542425094393249
Bermuda,5.0,Bermuda,0.6989700043360189
Bolivia,25.0,Bolivia,1.3979400086720377
Brazil,577.0,Brazil,2.7611758131557314
Brunei Darussalam,3.0,Brunei Darussalam,0.47712125471966244
Bhutan,4.0,Bhutan,0.6020599913279624
Botswana,3.0,Botswana,0.47712125471966244
Central African Republic,31.0,Central African Republic,1.4913616938342726
Canada,1071.0,Canada,3.029789470831856
Switzerland,236.0,Switzerland,2.3729120029701067
Chile,68.0,Chile,1.8325089127062364
China,4945.0,China,3.694166295933198
Cote d'Ivoire,8.0,Cote d'Ivoire,0.9030899869919435
Cameroon,14.0,Cameroon,1.146128035678238
DR Congo,32.0,DR Congo,1.505149978319906
Congo Republic,88.0,Congo Republic,1.9444826721501687
Colombia,108.0,Colombia,2.03342375548695
Costa Rica,22.0,Costa Rica,1.3424226808222062
Kosovo,123.0,Kosovo,2.089905111439398
Cuba,99.0,Cuba,1.99563519459755
Cyprus,62.0,Cyprus,1.792391689498254
Czech Republic,77.0,Czech Republic,1.8864907251724818
Germany,1750.0,Germany,3.2430380486862944
Djibouti,1.0,Djibouti,0.0
Denmark,183.0,Denmark,2.2624510897304293
Dominican Republic,25.0,Dominican Republic,1.3979400086720377
Algeria,35.0,Algeria,1.5440680443502757
Ecuador,50.0,Ecuador,1.6989700043360187
Egypt,232.0,Egypt,2.3654879848909
Eritrea,18.0,Eritrea,1.255272505103306
Western Sahara,8.0,Western Sahara,0.9030899869919435
Spain,298.0,Spain,2.4742162640762553
Estonia,156.0,Estonia,2.1931245983544616
Ethiopia,256.0,Ethiopia,2.4082399653118496
Finland,639.0,Finland,2.8055008581584002
Fiji,47.0,Fiji,1.6720978579357175
Falkland Islands,12.0,Falkland Islands,1.0791812460476249
France,970.0,France,2.9867717342662448
Gabon,4.0,Gabon,0.6020599913279624
United Kingdom,443.0,United Kingdom,2.6464037262230695
Georgia,142.0,Georgia,2.1522883443830563
Ghana,38.0,Ghana,1.5797835966168101
Guinea,12.0,Guinea,1.0791812460476249
Gambia,35.0,Gambia,1.5440680443502757
Guinea-Bissau,7.0,Guinea-Bissau,0.8450980400142568
Equatorial Guinea,1.0,Equatorial Guinea,0.0
Greece,222.0,Greece,2.346352974450639
Guatemala,20.0,Guatemala,1.3010299956639813
French Guiana,3.0,French Guiana,0.47712125471966244
Guyana,3.0,Guyana,0.47712125471966244
Honduras,42.0,Honduras,1.6232492903979006
Croatia,94.0,Croatia,1.9731278535996986
Haiti,96.0,Haiti,1.9822712330395684
Hungary,311.0,Hungary,2.4927603890268375
Indonesia,280.0,Indonesia,2.4471580313422194
India,2779.0,India,3.443888546777372
Ireland,129.0,Ireland,2.110589710299249
Iran,2501.0,Iran,3.3981136917305026
Iraq,248.0,Iraq,2.3944516808262164
Iceland,26.0,Iceland,1.414973347970818
Israel,1630.0,Israel,3.2121876044039577
Italy,404.0,Italy,2.606381365110605
Jamaica,20.0,Jamaica,1.3010299956639813
Jordan,54.0,Jordan,1.7323937598229686
Japan,1399.0,Japan,3.1458177144918276
Kazakhstan,338.0,Kazakhstan,2.5289167002776547
Kenya,67.0,Kenya,1.8260748027008264
Kyrgyz Republic,18.0,Kyrgyz Republic,1.255272505103306
Cambodia,78.0,Cambodia,1.8920946026904804
South Korea,814.0,South Korea,2.910624404889201
Kuwait,48.0,Kuwait,1.6812412373755872
Laos,23.0,Laos,1.3617278360175928
Lebanon,141.0,Lebanon,2.1492191126553797
Liberia,5.0,Liberia,0.6989700043360189
Libya,52.0,Libya,1.7160033436347992
Sri Lanka,434.0,Sri Lanka,2.637489729512511
Lesotho,2.0,Lesotho,0.3010299956639812
Lithuania,243.0,Lithuania,2.385606273598312
Luxembourg,13.0,Luxembourg,1.1139433523068367
Latvia,110.0,Latvia,2.041392685158225
Morocco,121.0,Morocco,2.0827853703164503
Moldova,247.0,Moldova,2.392696953259666
Madagascar,13.0,Madagascar,1.1139433523068367
Mexico,355.0,Mexico,2.550228353055094
Macedonia,34.0,Macedonia,1.5314789170422551
Mali,133.0,Mali,2.123851640967086
Malta,36.0,Malta,1.5563025007672873
Myanmar,394.0,Myanmar,2.595496221825574
Montenegro,18.0,Montenegro,1.255272505103306
Mongolia,18.0,Mongolia,1.255272505103306
Mozambique,13.0,Mozambique,1.1139433523068367
Mauritania,4.0,Mauritania,0.6020599913279624
Malawi,18.0,Malawi,1.255272505103306
Malaysia,86.0,Malaysia,1.9344984512435677
Namibia,7.0,Namibia,0.8450980400142568
New Caledonia,1.0,New Caledonia,0.0
Niger,17.0,Niger,1.2304489213782739
Nigeria,212.0,Nigeria,2.326335860928751
Nicaragua,45.0,Nicaragua,1.6532125137753437
Netherlands,238.0,Netherlands,2.376576957056512
Norway,216.0,Norway,2.3344537511509307
Nepal,111.0,Nepal,2.0453229787866576
New Zealand,350.0,New Zealand,2.5440680443502757
Oman,24.0,Oman,1.380211241711606
Pakistan,1023.0,Pakistan,3.00987563371216
Panama,22.0,Panama,1.3424226808222062
Peru,198.0,Peru,2.296665190261531
Philippines,182.0,Philippines,2.2600713879850747
Papua New Guinea,19.0,Papua New Guinea,1.2787536009528289
Poland,1301.0,Poland,3.1142772965615864
Puerto Rico,22.0,Puerto Rico,1.3424226808222062
North Korea,844.0,North Korea,2.926342446625655
Portugal,94.0,Portugal,1.9731278535996986
Paraguay,6.0,Paraguay,0.7781512503836436
Palestine,514.0,Palestine,2.710963118995276
Qatar,490.0,Qatar,2.690196080028514
Romania,235.0,Romania,2.3710678622717363
Russia,17114.0,Russia,4.233351527653275
Rwanda,138.0,Rwanda,2.1398790864012365
Saudi Arabia,539.0,Saudi Arabia,2.7315887651867388
Sudan,73.0,Sudan,1.863322860120456
Senegal,21.0,Senegal,1.3222192947339193
Solomon Islands,103.0,Solomon Islands,2.012837224705172
Sierra Leone,13.0,Sierra Leone,1.1139433523068367
El Salvador,52.0,El Salvador,1.7160033436347992
Somalia,114.0,Somalia,2.0569048513364727
Serbia,189.0,Serbia,2.2764618041732443
South Sudan,33.0,South Sudan,1.5185139398778875
Suriname,4.0,Suriname,0.6020599913279624
Slovakia,125.0,Slovakia,2.0969100130080562
Slovenia,37.0,Slovenia,1.568201724066995
Sweden,644.0,Sweden,2.808885867359812
Eswatini,1.0,Eswatini,0.0
Syria,452.0,Syria,2.655138434811382
Chad,21.0,Chad,1.3222192947339193
Togo,3.0,Togo,0.47712125471966244
Thailand,141.0,Thailand,2.1492191126553797
Tajikistan,11.0,Tajikistan,1.0413926851582251
Turkmenistan,20.0,Turkmenistan,1.3010299956639813
Timor-Leste,6.0,Timor-Leste,0.7781512503836436
Trinidad and Tobago,8.0,Trinidad and Tobago,0.9030899869919435
Tunisia,37.0,Tunisia,1.568201724066995
Turkey,939.0,Turkey,2.972665592266111
Taiwan,1603.0,Taiwan,3.204933522354145
Tanzania,25.0,Tanzania,1.3979400086720377
Uganda,64.0,Uganda,1.806179973983887
Ukraine,26066.0,Ukraine,4.416074390922394
Uruguay,10.0,Uruguay,1.0
United States,6155.0,United States,3.789228057267335
Uzbekistan,38.0,Uzbekistan,1.5797835966168101
Venezuela,146.0,Venezuela,2.164352855784437
Vietnam,93.0,Vietnam,1.968482948553935
Vanuatu,8.0,Vanuatu,0.9030899869919435
Yemen,155.0,Yemen,2.1903316981702914
South Africa,181.0,South Africa,2.2576785748691846
Zambia,11.0,Zambia,1.0413926851582251
Zimbabwe,42.0,Zimbabwe,1.6232492903979006
Greenland,21.0,Greenland,1.3222192947339193
